5027	1	a	 Early Access Review
4576	1	a	 Early Access Review
385	1	a	 Early Access Review
2976	1	a	 Early Access Review
2564	1	a	 Early Access Review
3804	1	a	 Early Access Review
4941	1	a	 Early Access Review
5458	1	a	 Early Access Review
526	1	a	 Early Access Review
3113	1	a	 Early Access Review
4901	1	a	 Early Access Review
2702	1	a	 Early Access Review
3267	1	a	 Early Access Review
4734	1	a	 Early Access Review
2749	1	a	 Early Access Review
5552	1	a	 Early Access Review
2023	1	a	 Early Access Review
2213	0	a	 Early Access Review
3341	1	a	 Early Access Review
3805	1	a	 Early Access Review
2393	0	a	 Early Access Review
4610	1	a	 Early Access Review
4994	1	a	 Early Access Review
3402	1	a	 Early Access Review
5328	1	a	 Early Access Review
4961	1	a	 Early Access Review
774	1	a	 Early Access Review
2508	1	a	 Early Access Review
3509	1	a	 Early Access Review
2170	0	a	 Early Access Review
145	0	a	 Early Access Review
2057	1	a	 Early Access Review
2258	1	a	 Early Access Review
1694	1	a	 Early Access Review
3675	1	a	 Early Access Review
1376	1	a	 Early Access Review
1173	1	a	 Early Access Review
4223	0	a	 Early Access Review
2315	1	a	 Early Access Review
3054	1	a	 Early Access Review
2462	1	a	 Early Access Review
1036	1	a	 Early Access Review
1042	1	a	 Early Access Review
3201	1	a	 Early Access Review
4554	1	a	 Early Access Review
4142	0	a	 Early Access Review
797	1	a	 Early Access Review
2010	1	a	 Early Access Review
1906	1	a	 Early Access Review
527	1	a	 Early Access Review
2798	1	a	 Early Access Review
2474	1	a	 Early Access Review
5286	1	a	 Early Access Review
3732	1	a	 Early Access Review
735	1	a	 Early Access Review
860	1	a	 Early Access Review
1245	1	a	 Early Access Review
1211	1	a	 Early Access Review
2576	1	a	 Early Access Review
2790	1	a	 Early Access Review
4526	1	a	 Early Access Review
3338	1	a	 Early Access Review
2581	1	a	 Early Access Review
715	1	a	 Early Access Review
3436	1	a	 Early Access Review
481	1	a	 Early Access Review
2486	1	a	 Early Access Review
306	1	a	 Early Access Review
69	1	a	 Early Access Review
2632	1	a	 Early Access Review
2114	1	a	 Early Access Review
448	1	a	 Early Access Review
4499	1	a	 Early Access Review
5523	1	a	 Early Access Review
3472	1	a	 Early Access Review
5059	1	a	 Early Access Review
5225	1	a	 Early Access Review
5009	1	a	 Early Access Review
4634	1	a	 Early Access Review
4621	1	a	 Early Access Review
4839	1	a	 Early Access Review
4552	1	a	 Early Access Review
4923	1	a	 Early Access Review
3589	1	a	 Early Access Review
5519	1	a	 Early Access Review
1777	1	a	 Early Access Review
2081	0	a	 Early Access Review
3372	1	a	 Early Access Review
3883	1	a	 Early Access Review
903	1	a	 Early Access Review
1826	1	a	 Early Access Review
5112	1	a	 Early Access Review
2544	1	a	 Early Access Review
3194	1	a	 Early Access Review
1527	1	a	 Early Access Review
41	1	a	 Early Access Review
1274	1	a	 Early Access Review
2483	1	a	 Early Access Review
4485	1	a	 Early Access Review
5015	1	a	 Early Access Review
3629	1	a	 Early Access Review
3105	1	a	 Early Access Review
3067	1	a	 Early Access Review
4052	0	a	 Early Access Review
2408	0	a	 Early Access Review
3407	1	a	 Early Access Review
1109	1	a	 Early Access Review
292	1	a	 Early Access Review
1778	1	a	 Early Access Review
3481	1	a	 Early Access Review
2543	1	a	 Early Access Review
2855	1	a	 Early Access Review
5033	1	a	 Early Access Review
1242	1	a	 Early Access Review
967	1	a	 Early Access Review
5396	1	a	 Early Access Review
3247	1	a	 Early Access Review
1524	1	a	 Early Access Review
499	1	a	 Early Access Review
3657	1	a	 Early Access Review
2986	1	a	 Early Access Review
2885	1	a	 Early Access Review
5275	1	a	 Early Access Review
1542	1	a	 Early Access Review
888	1	a	 Early Access Review
3837	1	a	 Early Access Review
3040	1	a	 Early Access Review
5442	1	a	 Early Access Review
2974	1	a	 Early Access Review
3579	1	a	 Early Access Review
3878	1	a	 Early Access Review
2267	0	a	 Early Access Review
953	1	a	 Early Access Review
3185	1	a	 Early Access Review
1083	1	a	 Early Access Review
4723	1	a	 Early Access Review
587	1	a	 Early Access Review
4508	1	a	 Early Access Review
968	1	a	 Early Access Review
4146	0	a	 Early Access Review
2017	1	a	 Early Access Review
44	1	a	 Early Access Review
5186	1	a	 Early Access Review
4571	1	a	 Early Access Review
1224	1	a	 Early Access Review
349	1	a	 Early Access Review
4845	1	a	 Early Access Review
3325	1	a	 Early Access Review
4879	1	a	 Early Access Review
4415	1	a	 Early Access Review
4240	1	a	 Early Access Review
1463	1	a	 Early Access Review
3345	1	a	 Early Access Review
5157	1	a	 Early Access Review
3658	1	a	 Early Access Review
459	1	a	 Early Access Review
857	1	a	 Early Access Review
3210	1	a	 Early Access Review
3156	1	a	 Early Access Review
5399	1	a	 Early Access Review
1863	1	a	 Early Access Review
2949	1	a	 Early Access Review
3794	1	a	 Early Access Review
3948	1	a	 Early Access Review
1697	1	a	 Early Access Review
4675	1	a	 Early Access Review
4296	1	a	 Early Access Review
313	1	a	 Early Access Review
1953	1	a	 Early Access Review
4745	1	a	 Early Access Review
3895	1	a	 Early Access Review
1650	1	a	 Early Access Review
4359	1	a	 Early Access Review
3103	1	a	 Early Access Review
2628	1	a	 Early Access Review
2238	0	a	 Early Access Review
4121	0	a	 Early Access Review
4256	0	a	 Early Access Review
1043	1	a	 Early Access Review
4814	1	a	 Early Access Review
1744	1	a	 Early Access Review
4222	1	a	 Early Access Review
1187	1	a	 Early Access Review
1584	1	a	 Early Access Review
4725	1	a	 Early Access Review
4475	1	a	 Early Access Review
4691	1	a	 Early Access Review
296	1	a	 Early Access Review
405	1	a	 Early Access Review
3636	1	a	 Early Access Review
1640	1	a	 Early Access Review
3254	1	a	 Early Access Review
5139	1	a	 Early Access Review
4064	0	a	 Early Access Review
2026	1	a	 Early Access Review
3833	1	a	 Early Access Review
4852	1	a	 Early Access Review
3757	1	a	 Early Access Review
4461	1	a	 Early Access Review
5068	1	a	 Early Access Review
3770	1	a	 Early Access Review
87	1	a	 Early Access Review
447	1	a	 Early Access Review
685	1	a	 Early Access Review
355	1	a	 Early Access Review
2186	1	a	 Early Access Review
600	1	a	 Early Access Review
3970	1	a	 Early Access Review
1482	1	a	 Early Access Review
3510	1	a	 Early Access Review
406	1	a	 Early Access Review
3980	1	a	 Early Access Review
3974	1	a	 Early Access Review
1817	1	a	 Early Access Review
2661	1	a	 Early Access Review
3284	1	a	 Early Access Review
5415	1	a	 Early Access Review
4306	1	a	 Early Access Review
2862	1	a	 Early Access Review
1667	1	a	 Early Access Review
2739	1	a	 Early Access Review
2412	0	a	 Early Access Review
2618	1	a	 Early Access Review
133	1	a	 Early Access Review
3465	1	a	 Early Access Review
2724	1	a	 Early Access Review
4419	1	a	 Early Access Review
3977	1	a	 Early Access Review
1363	1	a	 Early Access Review
956	1	a	 Early Access Review
1254	1	a	 Early Access Review
2303	0	a	 Early Access Review
1765	1	a	 Early Access Review
2060	1	a	 Early Access Review
4835	1	a	 Early Access Review
4947	1	a	 Early Access Review
1332	0	a	 Early Access Review
725	1	a	 Early Access Review
4584	1	a	 Early Access Review
2203	0	a	 Early Access Review
3650	1	a	 Early Access Review
3795	1	a	 Early Access Review
1321	0	a	 Early Access Review
894	1	a	 Early Access Review
3876	1	a	 Early Access Review
1268	1	a	 Early Access Review
3055	1	a	 Early Access Review
3143	1	a	 Early Access Review
2646	1	a	 Early Access Review
5039	1	a	 Early Access Review
4312	1	a	 Early Access Review
1453	1	a	 Early Access Review
3429	1	a	 Early Access Review
3051	1	a	 Early Access Review
538	1	a	 Early Access Review
3097	1	a	 Early Access Review
3225	1	a	 Early Access Review
3193	1	a	 Early Access Review
1989	1	a	 Early Access Review
1922	1	a	 Early Access Review
2050	0	a	 Early Access Review
5117	1	a	 Early Access Review
4424	1	a	 Early Access Review
1214	0	a	 Early Access Review
2557	1	a	 Early Access Review
2507	1	a	 Early Access Review
3383	1	a	 Early Access Review
5542	1	a	 Early Access Review
2783	1	a	 Early Access Review
1575	1	a	 Early Access Review
2622	1	a	 Early Access Review
1821	1	a	 Early Access Review
811	1	a	 Early Access Review
2349	0	a	 Early Access Review
4101	1	a	 Early Access Review
4741	1	a	 Early Access Review
228	1	a	 Early Access Review
2686	1	a	 Early Access Review
5447	1	a	 Early Access Review
2729	1	a	 Early Access Review
5269	1	a	 Early Access Review
3865	1	a	 Early Access Review
4283	1	a	 Early Access Review
2514	1	a	 Early Access Review
1854	1	a	 Early Access Review
4058	0	a	 Early Access Review
451	1	a	 Early Access Review
1001	1	a	 Early Access Review
4326	1	a	 Early Access Review
3334	1	a	 Early Access Review
3843	1	a	 Early Access Review
3692	1	a	 Early Access Review
3455	1	a	 Early Access Review
1355	1	a	 Early Access Review
4671	1	a	 Early Access Review
4980	1	a	 Early Access Review
301	1	a	 Early Access Review
248	0	a	 Early Access Review
2811	1	a	 Early Access Review
1585	1	a	 Early Access Review
2204	0	a	 Early Access Review
3477	1	a	 Early Access Review
1012	0	a	 Early Access Review
1748	1	a	 Early Access Review
938	1	a	 Early Access Review
1942	1	a	 Early Access Review
1857	1	a	 Early Access Review
227	1	a	 Early Access Review
5094	1	a	 Early Access Review
4559	1	a	 Early Access Review
1644	0	a	 Early Access Review
779	1	a	 Early Access Review
733	1	a	 Early Access Review
4171	0	a	 Early Access Review
635	1	a	 Early Access Review
5426	1	a	 Early Access Review
1660	1	a	 Early Access Review
3874	1	a	 Early Access Review
5355	1	a	 Early Access Review
2469	1	a	 Early Access Review
109	0	a	 Early Access Review
763	1	a	 Early Access Review
1153	1	a	 Early Access Review
3327	1	a	 Early Access Review
1281	1	a	 Early Access Review
2272	1	a	 Early Access Review
5095	1	a	 Early Access Review
5193	1	a	 Early Access Review
1016	0	a	 Early Access Review
1607	1	a	 Early Access Review
3130	1	a	 Early Access Review
1258	1	a	 Early Access Review
1493	1	a	 Early Access Review
5098	1	a	 Early Access Review
1836	1	a	 Early Access Review
2465	1	a	 Early Access Review
3443	1	a	 Early Access Review
3431	1	a	 Early Access Review
791	1	a	 Early Access Review
3269	1	a	 Early Access Review
4294	1	a	 Early Access Review
4076	0	a	 Early Access Review
3526	1	a	 Early Access Review
2400	0	a	 Early Access Review
1664	1	a	 Early Access Review
1487	1	a	 Early Access Review
813	1	a	 Early Access Review
3605	1	a	 Early Access Review
3497	1	a	 Early Access Review
1820	1	a	 Early Access Review
1130	1	a	 Early Access Review
1635	1	a	 Early Access Review
804	1	a	 Early Access Review
3117	1	a	 Early Access Review
3359	1	a	 Early Access Review
597	1	a	 Early Access Review
2624	1	a	 Early Access Review
3965	1	a	 Early Access Review
3851	1	a	 Early Access Review
5364	1	a	 Early Access Review
263	1	a	 Early Access Review
837	1	a	 Early Access Review
3280	1	a	 Early Access Review
2222	0	a	 Early Access Review
1278	1	a	 Early Access Review
2461	0	a	 Early Access Review
17	1	a	 Early Access Review
2324	0	a	 Early Access Review
4466	1	a	 Early Access Review
3120	1	a	 Early Access Review
5205	1	a	 Early Access Review
468	1	a	 Early Access Review
2746	1	a	 Early Access Review
3731	1	a	 Early Access Review
4106	0	a	 Early Access Review
2202	1	a	 Early Access Review
1380	1	a	 Early Access Review
4998	1	a	 Early Access Review
2856	1	a	 Early Access Review
5497	1	a	 Early Access Review
1636	1	a	 Early Access Review
4047	0	a	 Early Access Review
4917	1	a	   Early Access Review
4743	1	a	 Early Access Review
2097	0	a	 Early Access Review
608	1	a	 Early Access Review
5006	1	a	 Early Access Review
3761	1	a	 Early Access Review
4454	1	a	 Early Access Review
5481	1	a	 Early Access Review
3927	1	a	 Early Access Review
1566	1	a	 Early Access Review
1666	1	a	 Early Access Review
4538	1	a	 Early Access Review
5257	1	a	 Early Access Review
1108	1	a	 Early Access Review
1909	1	a	 Early Access Review
4374	1	a	 Early Access Review
4936	1	a	 Early Access Review
5115	1	a	 Early Access Review
3377	1	a	 Early Access Review
4996	1	a	 Early Access Review
5418	1	a	 Early Access Review
1122	1	a	 Early Access Review
841	1	a	 Early Access Review
4650	1	a	 Early Access Review
4715	1	a	 Early Access Review
1277	1	a	 Early Access Review
5459	1	a	 Early Access Review
1421	1	a	 Early Access Review
3940	1	a	 Early Access Review
1105	1	a	 Early Access Review
5357	1	a	 Early Access Review
1401	1	a	 Early Access Review
2494	1	a	 Early Access Review
2598	1	a	 Early Access Review
5367	1	a	 Early Access Review
4722	1	a	 Early Access Review
2075	1	a	 Early Access Review
928	1	a	 Early Access Review
2820	1	a	 Early Access Review
3314	1	a	 Early Access Review
5471	1	a	 Early Access Review
2210	1	a	 Early Access Review
1246	1	a	 Early Access Review
1353	1	a	 Early Access Review
1237	1	a	 Early Access Review
1844	1	a	 Early Access Review
2191	1	a	 Early Access Review
1084	1	a	 Early Access Review
2005	1	a	 Early Access Review
4704	1	a	 Early Access Review
3789	1	a	 Early Access Review
1052	1	a	 Early Access Review
5333	1	a	 Early Access Review
3504	1	a	 Early Access Review
4381	1	a	 Early Access Review
1148	1	a	 Early Access Review
3288	1	a	 Early Access Review
1159	1	a	 Early Access Review
3058	1	a	 Early Access Review
651	1	a	 Early Access Review
3514	1	a	 Early Access Review
2146	1	a	 Early Access Review
5312	1	a	 Early Access Review
5266	1	a	 Early Access Review
1077	1	a	 Early Access Review
3090	1	a	 Early Access Review
2834	1	a	 Early Access Review
323	1	a	 Early Access Review
4698	1	a	 Early Access Review
905	1	a	 Early Access Review
1477	1	a	 Early Access Review
3234	1	a	 Early Access Review
2510	1	a	 Early Access Review
4104	0	a	 Early Access Review
2572	1	a	 Early Access Review
828	1	a	 Early Access Review
1963	1	a	 Early Access Review
4446	1	a	 Early Access Review
270	1	a	 Early Access Review
2516	1	a	 Early Access Review
902	1	a	 Early Access Review
2046	1	a	 Early Access Review
4685	1	a	 Early Access Review
2260	1	a	 Early Access Review
3139	1	a	 Early Access Review
4629	1	a	 Early Access Review
1924	1	a	 Early Access Review
4813	1	a	 Early Access Review
4871	1	a	 Early Access Review
2670	1	a	 Early Access Review
5410	1	a	 Early Access Review
1167	1	a	 Early Access Review
5140	1	a	 Early Access Review
1621	1	a	 Early Access Review
4252	0	a	 Early Access Review
5161	1	a	 Early Access Review
765	1	a	 Early Access Review
2495	1	a	 Early Access Review
1061	1	a	 Early Access Review
1166	1	a	 Early Access Review
124	1	a	 Early Access Review
241	1	a	 Early Access Review
769	1	a	 Early Access Review
4418	1	a	 Early Access Review
3203	1	a	 Early Access Review
4781	1	a	 Early Access Review
3672	1	a	 Early Access Review
5278	1	a	 Early Access Review
1308	1	a	 Early Access Review
184	1	a	 Early Access Review
2319	0	a	 Early Access Review
2550	1	a	 Early Access Review
1766	1	a	 Early Access Review
1239	0	a	 Early Access Review
541	1	a	 Early Access Review
5258	1	a	 Early Access Review
1266	1	a	 Early Access Review
1608	1	a	 Early Access Review
3219	1	a	 Early Access Review
289	1	a	 Early Access Review
429	1	a	 Early Access Review
4250	0	a	 Early Access Review
1444	1	a	 Early Access Review
1320	1	a	 Early Access Review
2479	1	a	 Early Access Review
4585	1	a	 Early Access Review
653	1	a	 Early Access Review
3346	1	a	 Early Access Review
1723	1	a	 Early Access Review
2530	1	a	 Early Access Review
4684	1	a	 Early Access Review
2931	1	a	 Early Access Review
2836	1	a	 Early Access Review
1177	1	a	 Early Access Review
3024	1	a	 Early Access Review
3714	1	a	 Early Access Review
2457	0	a	 Early Access Review
4868	1	a	 Early Access Review
1347	1	a	 Early Access Review
911	1	a	 Early Access Review
4927	0	a	 Early Access Review
4367	1	a	 Early Access Review
1081	1	a	 Early Access Review
4324	1	a	 Early Access Review
1685	1	a	 Early Access Review
1312	1	a	 Early Access Review
5440	1	a	 Early Access Review
3394	1	a	 Early Access Review
3398	1	a	 Early Access Review
93	1	a	 Early Access Review
920	1	a	 Early Access Review
2629	1	a	 Early Access Review
5510	1	a	 Early Access Review
1023	1	a	 Early Access Review
3414	1	a	 Early Access Review
1945	1	a	 Early Access Review
2664	1	a	 Early Access Review
1703	1	a	 Early Access Review
5255	1	a	 Early Access Review
3685	1	a	 Early Access Review
1174	1	a	 Early Access Review
3089	1	a	 Early Access Review
265	1	a	 Early Access Review
5362	1	a	 Early Access Review
3437	1	a	 Early Access Review
2665	1	a	 Early Access Review
2533	1	a	 Early Access Review
2404	0	a	 Early Access Review
2788	1	a	 Early Access Review
3702	1	a	 Early Access Review
279	1	a	 Early Access Review
704	1	a	 Early Access Review
3695	1	a	 Early Access Review
4967	1	a	 Early Access Review
2940	1	a	 Early Access Review
2014	1	a	 Early Access Review
2593	1	a	 Early Access Review
1944	1	a	 Early Access Review
5527	1	a	 Early Access Review
290	1	a	 Early Access Review
1048	1	a	 Early Access Review
4467	1	a	 Early Access Review
4848	1	a	 Early Access Review
1110	1	a	 Early Access Review
203	1	a	 Early Access Review
519	1	a	 Early Access Review
2887	1	a	 Early Access Review
3384	1	a	 Early Access Review
219	1	a	 Early Access Review
416	1	a	 Early Access Review
4286	1	a	 Early Access Review
656	1	a	 Early Access Review
4965	0	a	 Early Access Review
2217	0	a	 Early Access Review
3378	1	a	 Early Access Review
3903	1	a	 Early Access Review
4036	0	a	 Early Access Review
110	1	a	 Early Access Review
4511	1	a	 Early Access Review
491	1	a	 Early Access Review
5431	1	a	 Early Access Review
866	1	a	 Early Access Review
984	1	a	 Early Access Review
3241	1	a	 Early Access Review
2497	1	a	 Early Access Review
2578	1	a	 Early Access Review
5526	1	a	 Early Access Review
3266	1	a	 Early Access Review
1106	1	a	 Early Access Review
4833	1	a	 Early Access Review
324	1	a	 Early Access Review
4699	1	a	 Early Access Review
36	1	a	 Early Access Review
428	1	a	 Early Access Review
773	1	a	 Early Access Review
2712	1	a	 Early Access Review
4417	1	a	 Early Access Review
2978	1	a	 Early Access Review
3742	1	a	 Early Access Review
3166	1	a	 Early Access Review
4455	1	a	 Early Access Review
2667	1	a	 Early Access Review
2609	1	a	 Early Access Review
3754	1	a	 Early Access Review
3432	1	a	 Early Access Review
3100	1	a	 Early Access Review
1452	1	a	 Early Access Review
4708	1	a	 Early Access Review
4914	1	a	 Early Access Review
4451	1	a	 Early Access Review
2801	1	a	 Early Access Review
1221	1	a	 Early Access Review
923	1	a	 Early Access Review
838	1	a	 Early Access Review
1647	1	a	 Early Access Review
1099	1	a	 Early Access Review
325	1	a	 Early Access Review
4274	1	a	 Early Access Review
2947	1	a	 Early Access Review
4412	1	a	 Early Access Review
3545	1	a	 Early Access Review
1085	1	a	 Early Access Review
1147	1	a	 Early Access Review
3765	1	a	 Early Access Review
208	1	a	 Early Access Review
367	1	a	 Early Access Review
3618	1	a	 Early Access Review
3828	1	a	 Early Access Review
4320	1	a	 Early Access Review
1743	1	a	 Early Access Review
3213	1	a	 Early Access Review
4109	0	a	 Early Access Review
254	1	a	 Early Access Review
120	1	a	 Early Access Review
2327	0	a	 Early Access Review
8	1	a	 Early Access Review
4054	0	a	 Early Access Review
4056	0	a	 Early Access Review
1461	1	a	 Early Access Review
1738	1	a	 Early Access Review
3397	1	a	 Early Access Review
4090	0	a	 Early Access Review
948	1	a	 Early Access Review
4949	1	a	 Early Access Review
1630	1	a	 Early Access Review
5358	1	a	 Early Access Review
1994	1	a	 Early Access Review
2259	1	a	 Early Access Review
1340	1	a	 Early Access Review
190	1	a	 Early Access Review
5181	1	a	 Early Access Review
495	0	a	 Early Access Review
4575	1	a	 Early Access Review
809	1	a	 Early Access Review
2916	1	a	 Early Access Review
272	1	a	 Early Access Review
2118	1	a	 Early Access Review
5063	1	a	 Early Access Review
2590	1	a	 Early Access Review
5106	1	a	 Early Access Review
1877	1	a	 Early Access Review
427	1	a	 Early Access Review
1407	1	a	 Early Access Review
2957	1	a	 Early Access Review
2042	1	a	 Early Access Review
4831	1	a	 Early Access Review
415	1	a	 Early Access Review
2383	0	a	 Early Access Review
887	1	a	 Early Access Review
274	1	a	 Early Access Review
3004	1	a	 Early Access Review
2021	1	a	 Early Access Review
581	1	a	 Early Access Review
1991	1	a	 Early Access Review
2261	1	a	 Early Access Review
5169	1	a	 Early Access Review
1869	1	a	 Early Access Review
2891	1	a	 Early Access Review
117	1	a	 Early Access Review
5517	1	a	 Early Access Review
803	1	a	 Early Access Review
2553	1	a	 Early Access Review
32	1	a	 Early Access Review
683	1	a	 Early Access Review
500	0	a	 Early Access Review
2577	1	a	 Early Access Review
2527	1	a	 Early Access Review
4165	1	a	 Early Access Review
3991	1	a	 Early Access Review
2052	1	a	 Early Access Review
4088	1	a	 Early Access Review
4674	1	a	 Early Access Review
2459	0	a	 Early Access Review
3483	1	a	 Early Access Review
2939	1	a	 Early Access Review
38	1	a	 Early Access Review
1688	1	a	 Early Access Review
4607	1	a	 Early Access Review
1791	1	a	 Early Access Review
3434	1	a	 Early Access Review
3716	1	a	 Early Access Review
230	1	a	 Early Access Review
3091	1	a	 Early Access Review
261	1	a	 Early Access Review
4656	1	a	 Early Access Review
4024	1	a	 Early Access Review
1701	0	a	 Early Access Review
3728	1	a	 Early Access Review
4289	1	a	 Early Access Review
5211	1	a	 Early Access Review
4484	1	a	 Early Access Review
5241	1	a	 Early Access Review
4212	0	a	 Early Access Review
2691	1	a	 Early Access Review
1602	1	a	 Early Access Review
4082	1	a	 Early Access Review
4317	1	a	 Early Access Review
4027	0	a	 Early Access Review
5127	1	a	 Early Access Review
3934	1	a	 Early Access Review
549	1	a	 Early Access Review
3979	1	a	 Early Access Review
2127	0	a	 Early Access Review
1619	1	a	 Early Access Review
689	1	a	 Early Access Review
1017	1	a	 Early Access Review
1319	0	a	 Early Access Review
4161	0	a	 Early Access Review
1687	1	a	 Early Access Review
3602	1	a	 Early Access Review
1684	1	a	 Early Access Review
4490	1	a	 Early Access Review
1490	1	a	 Early Access Review
2707	1	a	 Early Access Review
1933	1	a	 Early Access Review
5036	1	a	 Early Access Review
1710	1	a	 Early Access Review
1560	1	a	 Early Access Review
242	0	a	 Early Access Review
1	1	a	 Early Access Review
478	0	a	 Early Access Review
102	1	a	 Early Access Review
1089	1	a	 Early Access Review
2582	1	a	 Early Access Review
4235	0	a	 Early Access Review
3507	1	a	 Early Access Review
5030	1	a	 Early Access Review
2952	1	a	 Early Access Review
5217	1	a	 Early Access Review
1250	0	a	 Early Access Review
1495	1	a	 Early Access Review
1178	1	a	 Early Access Review
2732	1	a	 Early Access Review
4953	1	a	 Early Access Review
2067	1	a	 Early Access Review
4663	1	a	 Early Access Review
3033	1	a	 Early Access Review
1350	1	a	 Early Access Review
3542	1	a	 Early Access Review
1599	1	a	 Early Access Review
1676	1	a	 Early Access Review
2574	1	a	 Early Access Review
4951	1	a	 Early Access Review
151	1	a	 Early Access Review
2759	1	a	 Early Access Review
4427	1	a	 Early Access Review
2715	1	a	 Early Access Review
212	0	a	 Early Access Review
3938	1	a	 Early Access Review
1283	1	a	 Early Access Review
1773	1	a	 Early Access Review
401	1	a	 Early Access Review
3007	1	a	 Early Access Review
1381	1	a	 Early Access Review
4733	1	a	 Early Access Review
2654	1	a	 Early Access Review
239	1	a	 Early Access Review
742	1	a	 Early Access Review
3969	1	a	 Early Access Review
1220	1	a	 Early Access Review
5394	1	a	 Early Access Review
5334	1	a	 Early Access Review
2174	1	a	 Early Access Review
250	1	a	 Early Access Review
4562	1	a	 Early Access Review
767	1	a	 Early Access Review
2962	1	a	 Early Access Review
3506	1	a	 Early Access Review
937	1	a	 Early Access Review
97	1	a	 Early Access Review
1092	1	a	 Early Access Review
1210	1	a	 Early Access Review
31	1	a	 Early Access Review
1094	1	a	 Early Access Review
4157	0	a	 Early Access Review
3099	1	a	 Early Access Review
816	1	a	 Early Access Review
2675	1	a	 Early Access Review
607	1	a	 Early Access Review
3930	1	a	 Early Access Review
2627	1	a	 Early Access Review
2145	1	a	 Early Access Review
2579	1	a	 Early Access Review
697	1	a	 Early Access Review
1931	0	a	 Early Access Review
1046	1	a	 Early Access Review
1830	1	a	 Early Access Review
3159	1	a	 Early Access Review
4738	1	a	 Early Access Review
3513	1	a	 Early Access Review
1555	1	a	 Early Access Review
4945	0	a	 Early Access Review
542	1	a	 Early Access Review
611	1	a	 Early Access Review
1116	1	a	 Early Access Review
4842	1	a	 Early Access Review
3118	1	a	 Early Access Review
2570	1	a	 Early Access Review
1430	1	a	 Early Access Review
5414	1	a	 Early Access Review
5064	1	a	 Early Access Review
1391	1	a	 Early Access Review
2020	1	a	 Early Access Review
4720	1	a	 Early Access Review
3756	1	a	 Early Access Review
3884	1	a	 Early Access Review
336	1	a	 Early Access Review
4128	0	a	 Early Access Review
1073	1	a	 Early Access Review
3607	1	a	 Early Access Review
2897	1	a	 Early Access Review
1932	1	a	 Early Access Review
3520	1	a	 Early Access Review
4194	1	a	 Early Access Review
3807	1	a	 Early Access Review
3628	1	a	 Early Access Review
329	0	a	 Early Access Review
281	1	a	 Early Access Review
4001	1	a	 Early Access Review
2487	1	a	 Early Access Review
2731	1	a	 Early Access Review
3484	1	a	 Early Access Review
2085	0	a	 Early Access Review
2374	0	a	 Early Access Review
4471	1	a	 Early Access Review
3585	1	a	 Early Access Review
4107	1	a	 Early Access Review
4386	1	a	 Early Access Review
5448	1	a	 Early Access Review
4890	1	a	 Early Access Review
3351	1	a	 Early Access Review
5330	1	a	 Early Access Review
4241	0	a	 Early Access Review
4606	1	a	 Early Access Review
2679	1	a	 Early Access Review
3227	1	a	 Early Access Review
2650	1	a	 Early Access Review
430	1	a	 Early Access Review
671	1	a	 Early Access Review
1212	0	a	 Early Access Review
648	1	a	 Early Access Review
4285	1	a	 Early Access Review
1180	1	a	 Early Access Review
3148	1	a	 Early Access Review
2787	1	a	 Early Access Review
2194	1	a	 Early Access Review
5550	1	a	 Early Access Review
2789	1	a	 Early Access Review
361	1	a	 Early Access Review
1215	1	a	 Early Access Review
86	1	a	 Early Access Review
759	1	a	 Early Access Review
658	1	a	 Early Access Review
3582	1	a	 Early Access Review
22	1	a	 Early Access Review
2915	1	a	 Early Access Review
1051	1	a	 Early Access Review
1693	1	a	 Early Access Review
610	1	a	 Early Access Review
74	1	a	 Early Access Review
2471	1	a	 Early Access Review
3705	1	a	 Early Access Review
5483	1	a	 Early Access Review
177	1	a	 Early Access Review
5388	1	a	 Early Access Review
417	1	a	 Early Access Review
4474	1	a	 Early Access Review
975	1	a	 Early Access Review
119	1	a	 Early Access Review
1731	1	a	 Early Access Review
4	1	a	 Early Access Review
4487	1	a	 Early Access Review
2641	1	a	 Early Access Review
3354	1	a	 Early Access Review
836	1	a	 Early Access Review
164	1	a	 Early Access Review
99	1	a	 Early Access Review
3409	1	a	 Early Access Review
5553	1	a	 Early Access Review
4029	0	a	 Early Access Review
403	1	a	 Early Access Review
1984	1	a	 Early Access Review
2154	0	a	 Early Access Review
775	1	a	 Early Access Review
2814	1	a	 Early Access Review
2608	1	a	 Early Access Review
2378	1	a	 Early Access Review
4085	1	a	 Early Access Review
3862	1	a	 Early Access Review
4811	1	a	 Early Access Review
2959	1	a	 Early Access Review
148	1	a	 Early Access Review
111	1	a	 Early Access Review
5545	1	a	 Early Access Review
1479	1	a	 Early Access Review
3326	1	a	 Early Access Review
3649	1	a	 Early Access Review
640	1	a	 Early Access Review
4184	0	a	 Early Access Review
4197	1	a	 Early Access Review
5372	1	a	 Early Access Review
1100	1	a	 Early Access Review
3637	1	a	 Early Access Review
4154	1	a	 Early Access Review
3755	1	a	 Early Access Review
376	1	a	 Early Access Review
4408	1	a	 Early Access Review
3142	1	a	 Early Access Review
5121	1	a	 Early Access Review
3777	1	a	 Early Access Review
1804	1	a	 Early Access Review
2718	1	a	 Early Access Review
5195	1	a	 Early Access Review
258	0	a	 Early Access Review
3151	1	a	 Early Access Review
2054	1	a	 Early Access Review
1915	1	a	 Early Access Review
460	1	a	 Early Access Review
5452	1	a	 Early Access Review
5077	1	a	 Early Access Review
1741	1	a	 Early Access Review
4546	1	a	 Early Access Review
3512	1	a	 Early Access Review
4828	1	a	 Early Access Review
2198	1	a	 Early Access Review
64	1	a	 Early Access Review
2717	1	a	 Early Access Review
1439	1	a	 Early Access Review
1488	1	a	 Early Access Review
1143	1	a	 Early Access Review
5303	1	a	 Early Access Review
1469	1	a	 Early Access Review
5016	1	a	 Early Access Review
843	1	a	 Early Access Review
4281	1	a	 Early Access Review
321	1	a	 Early Access Review
492	0	a	 Early Access Review
1717	1	a	 Early Access Review
1305	1	a	 Early Access Review
1705	1	a	 Early Access Review
4042	0	a	 Early Access Review
5298	1	a	 Early Access Review
2681	1	a	 Early Access Review
1952	1	a	 Early Access Review
2804	1	a	 Early Access Review
5187	1	a	 Early Access Review
4533	1	a	 Early Access Review
4565	1	a	 Early Access Review
1822	1	a	 Early Access Review
815	1	a	 Early Access Review
3697	1	a	 Early Access Review
1435	1	a	 Early Access Review
2414	0	a	 Early Access Review
1849	1	a	 Early Access Review
3400	1	a	 Early Access Review
3653	1	a	 Early Access Review
559	1	a	 Early Access Review
1819	1	a	 Early Access Review
2617	1	a	 Early Access Review
3718	1	a	 Early Access Review
3449	1	a	 Early Access Review
5556	1	a	 Early Access Review
1168	1	a	 Early Access Review
446	1	a	 Early Access Review
2161	0	a	 Early Access Review
4611	1	a	 Early Access Review
2463	1	a	 Early Access Review
2709	1	a	 Early Access Review
540	1	a	 Early Access Review
3422	1	a	 Early Access Review
3554	1	a	 Early Access Review
2470	1	a	 Early Access Review
5232	1	a	 Early Access Review
3674	1	a	 Early Access Review
2511	1	a	 Early Access Review
462	1	a	 Early Access Review
2872	1	a	 Early Access Review
1113	1	a	 Early Access Review
5042	1	a	 Early Access Review
391	1	a	 Early Access Review
1361	1	a	 Early Access Review
5198	1	a	 Early Access Review
4578	1	a	 Early Access Review
965	1	a	 Early Access Review
1499	1	a	 Early Access Review
3565	1	a	 Early Access Review
4413	1	a	 Early Access Review
1093	1	a	 Early Access Review
4441	1	a	 Early Access Review
586	1	a	 Early Access Review
605	1	a	 Early Access Review
3195	1	a	 Early Access Review
4345	1	a	 Early Access Review
801	1	a	 Early Access Review
633	1	a	 Early Access Review
1079	1	a	 Early Access Review
2106	1	a	 Early Access Review
273	1	a	 Early Access Review
4522	1	a	 Early Access Review
2771	1	a	 Early Access Review
2395	0	a	 Early Access Review
4700	1	a	 Early Access Review
5020	1	a	 Early Access Review
4458	1	a	 Early Access Review
2268	0	a	 Early Access Review
5299	1	a	 Early Access Review
3482	1	a	 Early Access Review
112	1	a	 Early Access Review
294	1	a	 Early Access Review
2264	1	a	 Early Access Review
2614	1	a	 Early Access Review
4709	1	a	 Early Access Review
1474	1	a	 Early Access Review
1977	1	a	 Early Access Review
4785	1	a	 Early Access Review
5034	1	a	 Early Access Review
4073	1	a	 Early Access Review
1227	1	a	 Early Access Review
1062	1	a	 Early Access Review
2781	1	a	 Early Access Review
1161	1	a	 Early Access Review
2066	1	a	 Early Access Review
285	1	a	 Early Access Review
20	1	a	 Early Access Review
1165	1	a	 Early Access Review
3222	1	a	 Early Access Review
2484	1	a	 Early Access Review
4394	1	a	 Early Access Review
945	1	a	 Early Access Review
5284	1	a	 Early Access Review
724	1	a	 Early Access Review
5521	1	a	 Early Access Review
2752	1	a	 Early Access Review
3556	1	a	 Early Access Review
1529	1	a	 Early Access Review
5024	1	a	 Early Access Review
4325	1	a	 Early Access Review
2496	1	a	 Early Access Review
5498	1	a	 Early Access Review
1139	1	a	 Early Access Review
2521	1	a	 Early Access Review
399	1	a	 Early Access Review
2061	1	a	 Early Access Review
3707	1	a	 Early Access Review
2573	1	a	 Early Access Review
3182	1	a	 Early Access Review
1794	1	a	 Early Access Review
1344	1	a	 Early Access Review
1757	1	a	 Early Access Review
2700	1	a	 Early Access Review
243	1	a	 Early Access Review
3115	1	a	 Early Access Review
5484	1	a	 Early Access Review
2352	0	a	 Early Access Review
830	1	a	 Early Access Review
834	1	a	 Early Access Review
2750	1	a	 Early Access Review
2921	1	a	 Early Access Review
1605	1	a	 Early Access Review
5436	1	a	 Early Access Review
5323	1	a	 Early Access Review
507	0	a	 Early Access Review
2382	0	a	 Early Access Review
5465	1	a	 Early Access Review
3214	1	a	 Early Access Review
1569	1	a	 Early Access Review
5155	1	a	 Early Access Review
1837	1	a	 Early Access Review
666	1	a	 Early Access Review
487	1	a	 Early Access Review
193	1	a	 Early Access Review
1620	1	a	 Early Access Review
619	1	a	 Early Access Review
2032	1	a	 Early Access Review
21	1	a	 Early Access Review
3902	1	a	 Early Access Review
4309	1	a	 Early Access Review
5291	1	a	 Early Access Review
553	1	a	 Early Access Review
3343	1	a	 Early Access Review
3428	1	a	 Early Access Review
5316	1	a	 Early Access Review
3826	1	a	 Early Access Review
1983	1	a	 Early Access Review
2086	0	a	 Early Access Review
4574	1	a	 Early Access Review
3983	1	a	 Early Access Review
2794	1	a	 Early Access Review
2242	0	a	 Early Access Review
2158	1	a	 Early Access Review
750	1	a	 Early Access Review
5363	1	a	 Early Access Review
1447	1	a	 Early Access Review
3557	1	a	 Early Access Review
3665	1	a	 Early Access Review
282	1	a	 Early Access Review
2595	1	a	 Early Access Review
4800	1	a	 Early Access Review
3925	1	a	 Early Access Review
5	1	a	 Early Access Review
1948	1	a	 Early Access Review
1786	1	a	 Early Access Review
2953	1	a	 Early Access Review
5153	1	a	 Early Access Review
3044	1	a	 Early Access Review
198	1	a	 Early Access Review
1992	1	a	 Early Access Review
3647	1	a	 Early Access Review
2387	0	a	 Early Access Review
5439	1	a	 Early Access Review
2162	0	a	 Early Access Review
3174	1	a	 Early Access Review
4216	0	a	 Early Access Review
5274	1	a	 Early Access Review
2377	1	a	 Early Access Review
2560	1	a	 Early Access Review
2830	1	a	 Early Access Review
2677	1	a	 Early Access Review
4340	1	a	 Early Access Review
814	1	a	 Early Access Review
4873	1	a	 Early Access Review
556	1	a	 Early Access Review
2955	1	a	 Early Access Review
4963	0	a	 Early Access Review
3274	1	a	 Early Access Review
3752	1	a	 Early Access Review
2808	1	a	 Early Access Review
2123	1	a	 Early Access Review
579	1	a	 Early Access Review
3749	1	a	 Early Access Review
739	1	a	 Early Access Review
4992	1	a	 Early Access Review
4609	1	a	 Early Access Review
1718	1	a	 Early Access Review
1856	1	a	 Early Access Review
1505	1	a	 Early Access Review
3056	1	a	 Early Access Review
1626	1	a	 Early Access Review
1141	1	a	 Early Access Review
1409	1	a	 Early Access Review
515	1	a	 Early Access Review
4752	1	a	 Early Access Review
3262	1	a	 Early Access Review
2130	1	a	 Early Access Review
4543	1	a	 Early Access Review
1842	1	a	 Early Access Review
4115	0	a	 Early Access Review
1346	1	a	 Early Access Review
441	1	a	 Early Access Review
2458	0	a	 Early Access Review
2840	1	a	 Early Access Review
4601	1	a	 Early Access Review
972	1	a	 Early Access Review
2381	1	a	 Early Access Review
4913	1	a	 Early Access Review
3769	1	a	 Early Access Review
2266	1	a	 Early Access Review
2354	0	a	 Early Access Review
5337	1	a	 Early Access Review
3215	1	a	 Early Access Review
1554	1	a	 Early Access Review
2937	1	a	 Early Access Review
365	1	a	 Early Access Review
509	0	a	 Early Access Review
3087	1	a	 Early Access Review
5390	1	a	 Early Access Review
4365	1	a	 Early Access Review
3433	1	a	 Early Access Review
5541	1	a	 Early Access Review
4537	1	a	 Early Access Review
2366	0	a	 Early Access Review
1163	1	a	 Early Access Review
4544	1	a	 Early Access Review
113	1	a	 Early Access Review
5270	1	a	 Early Access Review
1236	1	a	 Early Access Review
5518	1	a	 Early Access Review
3043	1	a	 Early Access Review
3196	1	a	 Early Access Review
1296	1	a	 Early Access Review
2989	1	a	 Early Access Review
1999	1	a	 Early Access Review
2713	1	a	 Early Access Review
942	1	a	 Early Access Review
4300	1	a	 Early Access Review
1218	1	a	 Early Access Review
3304	1	a	 Early Access Review
1768	1	a	 Early Access Review
4136	0	a	 Early Access Review
4089	0	a	 Early Access Review
2692	1	a	 Early Access Review
4670	1	a	 Early Access Review
154	1	a	 Early Access Review
2409	0	a	 Early Access Review
5344	1	a	 Early Access Review
3985	1	a	 Early Access Review
3747	1	a	 Early Access Review
2001	1	a	 Early Access Review
5194	1	a	 Early Access Review
2973	1	a	 Early Access Review
372	1	a	 Early Access Review
2069	1	a	 Early Access Review
1502	1	a	 Early Access Review
1111	1	a	 Early Access Review
1384	1	a	 Early Access Review
2399	0	a	 Early Access Review
3252	1	a	 Early Access Review
1456	1	a	 Early Access Review
1862	1	a	 Early Access Review
3548	1	a	 Early Access Review
4517	1	a	 Early Access Review
2854	1	a	 Early Access Review
2997	1	a	 Early Access Review
2099	0	a	 Early Access Review
1300	1	a	 Early Access Review
3746	1	a	 Early Access Review
4624	1	a	 Early Access Review
5505	1	a	 Early Access Review
2613	1	a	 Early Access Review
4404	1	a	 Early Access Review
267	1	a	 Early Access Review
4198	1	a	 Early Access Review
286	1	a	 Early Access Review
3635	1	a	 Early Access Review
4301	1	a	 Early Access Review
1171	0	a	 Early Access Review
833	1	a	 Early Access Review
2735	1	a	 Early Access Review
863	1	a	 Early Access Review
5401	1	a	 Early Access Review
2498	1	a	 Early Access Review
2775	1	a	 Early Access Review
4680	1	a	 Early Access Review
2197	1	a	 Early Access Review
5398	1	a	 Early Access Review
2153	0	a	 Early Access Review
2279	0	a	 Early Access Review
479	1	a	 Early Access Review
3283	1	a	 Early Access Review
209	0	a	 Early Access Review
3586	1	a	 Early Access Review
3850	1	a	 Early Access Review
4215	0	a	 Early Access Review
827	1	a	 Early Access Review
2488	1	a	 Early Access Review
2307	1	a	 Early Access Review
2569	1	a	 Early Access Review
602	1	a	 Early Access Review
4580	1	a	 Early Access Review
776	1	a	 Early Access Review
3184	1	a	 Early Access Review
2443	0	a	 Early Access Review
4756	1	a	 Early Access Review
2063	1	a	 Early Access Review
3654	1	a	 Early Access Review
1448	1	a	 Early Access Review
188	1	a	 Early Access Review
1570	1	a	 Early Access Review
4673	1	a	This game actually makes it fun to learn, damn if only the American school system knew how to do that.  10/10 learned more from this game than my science class.
3308	1	a	 Early Access Review
4383	1	a	 Early Access Review
4974	1	a	 Early Access Review
1403	1	a	 Early Access Review
2776	1	a	 Early Access Review
181	1	a	 Early Access Review
5473	1	a	 Early Access Review
4707	1	a	 Early Access Review
2835	1	a	 Early Access Review
1471	1	a	 Early Access Review
4666	1	a	 Early Access Review
2903	1	a	 Early Access Review
370	1	a	 Early Access Review
844	1	a	 Early Access Review
4147	1	a	 Early Access Review
4888	1	a	 Early Access Review
966	1	a	 Early Access Review
2150	0	a	 Early Access Review
2295	1	a	 Early Access Review
4005	1	a	 Early Access Review
3081	1	a	 Early Access Review
3523	1	a	 Early Access Review
4464	1	a	 Early Access Review
1393	1	a	 Early Access Review
2961	1	a	 Early Access Review
3522	1	a	 Early Access Review
3127	1	a	 Early Access Review
4479	1	a	 Early Access Review
2215	1	a	 Early Access Review
1595	1	a	 Early Access Review
1637	1	a	 Early Access Review
2103	0	a	 Early Access Review
260	1	a	 Early Access Review
4243	0	a	 Early Access Review
1038	1	a	 Early Access Review
78	1	a	 Early Access Review
531	1	a	 Early Access Review
2429	0	a	 Early Access Review
877	1	a	 Early Access Review
161	1	a	 Early Access Review
756	1	a	 Early Access Review
2682	1	a	 Early Access Review
5236	1	a	 Early Access Review
2534	1	a	 Early Access Review
1284	1	a	 Early Access Review
387	1	a	 Early Access Review
2373	0	a	 Early Access Review
1235	1	a	 Early Access Review
337	1	a	 Early Access Review
2888	1	a	 Early Access Review
116	1	a	 Early Access Review
1751	1	a	 Early Access Review
1389	1	a	 Early Access Review
359	1	a	 Early Access Review
3205	1	a	 Early Access Review
736	1	a	 Early Access Review
3793	1	a	 Early Access Review
3253	1	a	 Early Access Review
2441	0	a	 Early Access Review
2792	1	a	 Early Access Review
4667	1	a	 Early Access Review
712	1	a	 Early Access Review
2257	1	a	 Early Access Review
66	0	a	 Early Access Review
2271	0	a	 Early Access Review
5031	1	a	 Early Access Review
5466	1	a	 Early Access Review
4055	0	a	 Early Access Review
2	1	a	 Early Access Review
4478	1	a	 Early Access Review
2684	1	a	 Early Access Review
1019	0	a	 Early Access Review
935	1	a	 Early Access Review
2250	1	a	 Early Access Review
134	1	a	 Early Access Review
1169	1	a	 Early Access Review
2878	1	a	 Early Access Review
918	1	a	 Early Access Review
2022	1	a	 Early Access Review
3301	1	a	 Early Access Review
2105	0	a	 Early Access Review
3494	1	a	 Early Access Review
4331	1	a	 Early Access Review
3738	1	a	 Early Access Review
5154	1	a	 Early Access Review
4098	0	a	 Early Access Review
1533	1	a	 Early Access Review
3136	1	a	 Early Access Review
2229	1	a	 Early Access Review
5437	1	a	 Early Access Review
1041	1	a	 Early Access Review
1726	1	a	 Early Access Review
874	1	a	 Early Access Review
3412	1	a	 Early Access Review
1539	1	a	 Early Access Review
3309	1	a	 Early Access Review
1696	1	a	 Early Access Review
269	1	a	 Early Access Review
3045	1	a	 Early Access Review
182	1	a	 Early Access Review
2209	1	a	 Early Access Review
1234	1	a	 Early Access Review
978	1	a	 Early Access Review
751	1	a	 Early Access Review
2912	1	a	 Early Access Review
146	1	a	 Early Access Review
2659	1	a	 Early Access Review
5530	1	a	 Early Access Review
3893	1	a	 Early Access Review
3460	1	a	 Early Access Review
2669	1	a	 Early Access Review
3420	1	a	 Early Access Review
2185	1	a	 Early Access Review
960	1	a	 Early Access Review
4372	1	a	 Early Access Review
5054	1	a	 Early Access Review
3806	1	a	 Early Access Review
3841	1	a	 Early Access Review
2906	1	a	 Early Access Review
2822	1	a	 Early Access Review
4736	1	a	 Early Access Review
980	1	a	 Early Access Review
916	1	a	 Early Access Review
3012	1	a	 Early Access Review
3217	1	a	 Early Access Review
3900	1	a	 Early Access Review
1005	1	a	 Early Access Review
5156	1	a	 Early Access Review
981	1	a	 Early Access Review
5393	1	a	 Early Access Review
2313	1	a	 Early Access Review
2852	1	a	 Early Access Review
4049	0	a	 Early Access Review
849	1	a	 Early Access Review
1681	1	a	 Early Access Review
366	1	a	 Early Access Review
1275	1	a	 Early Access Review
2208	0	a	 Early Access Review
1573	1	a	 Early Access Review
2157	0	a	 Early Access Review
3852	1	a	 Early Access Review
1426	1	a	 Early Access Review
5417	1	a	 Early Access Review
4706	1	a	 Early Access Review
4239	1	a	 Early Access Review
2668	1	a	 Early Access Review
43	1	a	 Early Access Review
4870	1	a	 Early Access Review
790	1	a	 Early Access Review
1881	1	a	 Early Access Review
2111	0	a	 Early Access Review
1943	1	a	 Early Access Review
4366	1	a	 Early Access Review
29	0	a	 Early Access Review
2297	1	a	 Early Access Review
1787	1	a	 Early Access Review
169	1	a	 Early Access Review
5405	1	a	 Early Access Review
1749	1	a	 Early Access Review
2902	1	a	 Early Access Review
1628	1	a	 Early Access Review
2095	0	a	 Early Access Review
3703	1	a	 Early Access Review
2531	1	a	 Early Access Review
2643	1	a	 Early Access Review
1128	1	a	 Early Access Review
196	1	a	 Early Access Review
3021	1	a	 Early Access Review
2364	0	a	 Early Access Review
2422	0	a	 Early Access Review
5229	1	a	 Early Access Review
807	1	a	 Early Access Review
1200	1	a	 Early Access Review
4470	1	a	 Early Access Review
1066	1	a	 Early Access Review
557	1	a	 Early Access Review
504	1	a	 Early Access Review
4476	1	a	 Early Access Review
4882	1	a	 Early Access Review
2049	1	a	 Early Access Review
2861	1	a	 Early Access Review
3457	1	a	 Early Access Review
1805	1	a	 Early Access Review
3065	1	a	 Early Access Review
899	1	a	 Early Access Review
4970	0	a	 Early Access Review
4718	1	a	 Early Access Review
695	1	a	 Early Access Review
4732	1	a	 Early Access Review
84	1	a	 Early Access Review
3906	1	a	 Early Access Review
1509	1	a	 Early Access Review
4233	0	a	 Early Access Review
2343	0	a	 Early Access Review
5419	1	a	 Early Access Review
652	1	a	 Early Access Review
2850	1	a	 Early Access Review
4421	1	a	 Early Access Review
4196	1	a	 Early Access Review
3145	1	a	 Early Access Review
4690	1	a	 Early Access Review
456	1	a	 Early Access Review
2025	1	a	 Early Access Review
1843	1	a	 Early Access Review
592	1	a	 Early Access Review
264	1	a	 Early Access Review
2330	0	a	 Early Access Review
2445	0	a	 Early Access Review
4500	1	a	 Early Access Review
2895	1	a	 Early Access Review
1695	1	a	 Early Access Review
4758	1	a	 Early Access Review
5490	1	a	 Early Access Review
5341	1	a	 Early Access Review
2690	1	a	 Early Access Review
2843	1	a	 Early Access Review
1181	1	a	 Early Access Review
4799	1	a	 Early Access Review
5289	1	a	 Early Access Review
54	1	a	 Early Access Review
3669	1	a	 Early Access Review
2509	1	a	 Early Access Review
4176	1	a	 Early Access Review
3107	1	a	 Early Access Review
3633	1	a	 Early Access Review
3440	1	a	 Early Access Review
2379	1	a	 Early Access Review
1198	1	a	 Early Access Review
5467	1	a	 Early Access Review
4130	0	a	 Early Access Review
5454	1	a	 Early Access Review
995	1	a	 Early Access Review
5267	1	a	 Early Access Review
3480	1	a	 Early Access Review
4349	1	a	 Early Access Review
15	0	a	 Early Access Review
3782	1	a	 Early Access Review
982	1	a	 Early Access Review
3066	1	a	 Early Access Review
1357	1	a	 Early Access Review
56	1	a	 Early Access Review
2714	1	a	 Early Access Review
2876	1	a	 Early Access Review
3957	1	a	 Early Access Review
115	1	a	 Early Access Review
5472	1	a	 Early Access Review
2968	1	a	 Early Access Review
4123	0	a	 Early Access Review
3272	1	a	 Early Access Review
560	1	a	 Early Access Review
862	1	a	 Early Access Review
5495	1	a	 Early Access Review
1199	0	a	 Early Access Review
221	1	a	 Early Access Review
3574	1	a	 Early Access Review
5539	1	a	 Early Access Review
4011	0	a	 Early Access Review
1473	1	a	 Early Access Review
4895	1	a	 Early Access Review
5173	1	a	 Early Access Review
1800	1	a	 Early Access Review
545	1	a	 Early Access Review
4968	0	a	 Early Access Review
4166	0	a	 Early Access Review
598	1	a	 Early Access Review
976	0	a	 Early Access Review
1249	0	a	 Early Access Review
3909	1	a	 Early Access Review
4087	0	a	 Early Access Review
3392	1	a	 Early Access Review
2757	1	a	 Early Access Review
3780	1	a	 Early Access Review
3572	1	a	 Early Access Review
4189	0	a	 Early Access Review
3645	1	a	 Early Access Review
1405	1	a	 Early Access Review
2282	0	a	 Early Access Review
91	1	a	 Early Access Review
5037	1	a	 Early Access Review
3992	1	a	 Early Access Review
2478	1	a	 Early Access Review
5375	1	a	 Early Access Review
2136	1	a	 Early Access Review
2245	0	a	 Early Access Review
3328	1	a	 Early Access Review
3998	1	a	 Early Access Review
3617	1	a	 Early Access Review
3062	1	a	 Early Access Review
3670	1	a	 Early Access Review
4952	0	a	 Early Access Review
4012	0	a	 Early Access Review
4523	1	a	 Early Access Review
2982	1	a	 Early Access Review
1176	1	a	 Early Access Review
5464	1	a	 Early Access Review
2504	1	a	 Early Access Review
565	1	a	 Early Access Review
2460	1	a	 Early Access Review
2565	1	a	 Early Access Review
137	1	a	 Early Access Review
5014	1	a	 Early Access Review
4770	1	a	 Early Access Review
4186	1	a	 Early Access Review
1550	1	a	 Early Access Review
5516	1	a	 Early Access Review
952	1	a	 Early Access Review
3438	1	a	 Early Access Review
1960	1	a	 Early Access Review
5001	1	a	 Early Access Review
2491	1	a	 Early Access Review
688	1	a	 Early Access Review
707	1	a	 Early Access Review
1520	1	a	 Early Access Review
4298	1	a	 Early Access Review
2756	1	a	 Early Access Review
2232	1	a	 Early Access Review
5204	1	a	 Early Access Review
5285	0	a	 Early Access Review
4623	1	a	 Early Access Review
1295	1	a	 Early Access Review
5065	1	a	 Early Access Review
4302	1	a	 Early Access Review
1454	1	a	 Early Access Review
1760	1	a	 Early Access Review
4314	1	a	 Early Access Review
1810	1	a	 Early Access Review
3408	1	a	 Early Access Review
4653	1	a	 Early Access Review
808	1	a	 Early Access Review
2994	1	a	 Early Access Review
882	1	a	 Early Access Review
482	1	a	 Early Access Review
3502	1	a	 Early Access Review
2286	0	a	 Early Access Review
2991	1	a	 Early Access Review
1568	1	a	 Early Access Review
1827	1	a	 Early Access Review
1115	1	a	 Early Access Review
351	1	a	 Early Access Review
4328	1	a	 Early Access Review
4619	1	a	 Early Access Review
2002	1	a	 Early Access Review
4269	1	a	 Early Access Review
1486	1	a	 Early Access Review
1232	1	a	 Early Access Review
3989	1	a	 Early Access Review
3134	1	a	 Early Access Review
4978	1	a	 Early Access Review
3278	1	a	 Early Access Review
2954	1	a	 Early Access Review
4749	1	a	 Early Access Review
3529	1	a	 Early Access Review
3086	1	a	 Early Access Review
2151	0	a	 Early Access Review
5479	1	a	 Early Access Review
105	1	a	 Early Access Review
2070	1	a	 Early Access Review
3144	1	a	 Early Access Review
1134	1	a	 Early Access Review
4244	0	a	 Early Access Review
1839	1	a	 Early Access Review
3775	1	a	 Early Access Review
3708	1	a	 Early Access Review
5116	1	a	 Early Access Review
5499	1	a	 Early Access Review
4069	1	a	 Early Access Review
1898	1	a	 Early Access Review
4267	1	a	 Early Access Review
1506	1	a	 Early Access Review
5057	1	a	 Early Access Review
76	1	a	 Early Access Review
114	1	a	 Early Access Review
2418	0	a	 Early Access Review
2751	1	a	 Early Access Review
1289	1	a	 Early Access Review
1649	1	a	 Early Access Review
345	0	a	 Early Access Review
1672	1	a	 Early Access Review
3258	1	a	 Early Access Review
4764	1	a	 Early Access Review
2196	1	a	 Early Access Review
3897	1	a	 Early Access Review
2802	1	a	 Early Access Review
1576	1	a	 Early Access Review
1597	1	a	 Early Access Review
5178	1	a	 Early Access Review
2538	1	a	 Early Access Review
1194	1	a	 Early Access Review
2113	0	a	 Early Access Review
159	1	a	 Early Access Review
891	1	a	 Early Access Review
3606	1	a	 Early Access Review
347	1	a	 Early Access Review
1702	1	a	 Early Access Review
1044	1	a	 Early Access Review
1614	1	a	 Early Access Review
1789	1	a	 Early Access Review
2623	1	a	 Early Access Review
1886	0	a	 Early Access Review
4765	1	a	 Early Access Review
613	1	a	 Early Access Review
2274	0	a	 Early Access Review
752	1	a	 Early Access Review
3006	1	a	 Early Access Review
1788	1	a	 Early Access Review
3530	1	a	 Early Access Review
371	1	a	 Early Access Review
4480	1	a	 Early Access Review
1377	1	a	 Early Access Review
2960	1	a	 Early Access Review
674	1	a	 Early Access Review
1907	1	a	 Early Access Review
3335	1	a	 Early Access Review
1455	1	a	 Early Access Review
4144	1	a	 Early Access Review
331	1	a	 Early Access Review
353	1	a	 Early Access Review
174	1	a	 Early Access Review
1243	1	a	 Early Access Review
3264	1	a	 Early Access Review
4771	1	a	 Early Access Review
2396	0	a	 Early Access Review
2347	0	a	 Early Access Review
5429	1	a	 Early Access Review
568	1	a	 Early Access Review
636	1	a	 Early Access Review
2290	0	a	 Early Access Review
3817	1	a	 Early Access Review
5331	1	a	 Early Access Review
3803	1	a	 Early Access Review
5383	1	a	 Early Access Review
1679	1	a	 Early Access Review
5233	1	a	 Early Access Review
603	1	a	 Early Access Review
3064	1	a	 Early Access Review
3785	1	a	 Early Access Review
643	1	a	 Early Access Review
2621	1	a	 Early Access Review
4125	0	a	 Early Access Review
1793	1	a	 Early Access Review
5293	1	a	 Early Access Review
4628	1	a	 Early Access Review
4812	1	a	 Early Access Review
4380	1	a	 Early Access Review
3261	1	a	 Early Access Review
2451	0	a	 Early Access Review
5067	1	a	 Early Access Review
5292	1	a	 Early Access Review
1470	1	a	 Early Access Review
780	1	a	 Early Access Review
963	1	a	 Early Access Review
5360	1	a	 Early Access Review
1737	0	a	 Early Access Review
1715	1	a	 Early Access Review
3743	1	a	 Early Access Review
5476	1	a	 Early Access Review
1910	1	a	 Early Access Review
1603	1	a	 Early Access Review
3072	1	a	 Early Access Review
3639	1	a	 Early Access Review
3840	1	a	 Early Access Review
4341	1	a	 Early Access Review
4755	1	a	 Early Access Review
5069	1	a	 Early Access Review
5174	1	a	 Early Access Review
2276	0	a	 Early Access Review
4943	1	a	 Early Access Review
5455	1	a	 Early Access Review
1090	1	a	 Early Access Review
4389	1	a	 Early Access Review
1838	1	a	 Early Access Review
3942	1	a	 Early Access Review
3132	1	a	 Early Access Review
4081	1	a	 Early Access Review
1446	1	a	 Early Access Review
4083	1	a	 Early Access Review
2799	1	a	 Early Access Review
2825	1	a	 Early Access Review
2384	0	a	 Early Access Review
1712	1	a	 Early Access Review
2907	1	a	 Early Access Review
754	1	a	 Early Access Review
1118	1	a	 Early Access Review
3279	1	a	 Early Access Review
5108	1	a	 Early Access Review
2571	1	a	 Early Access Review
2880	1	a	 Early Access Review
684	1	a	 Early Access Review
5202	1	a	 Early Access Review
2722	1	a	 Early Access Review
4305	1	a	 Early Access Review
4254	0	a	 Early Access Review
16	1	a	 Early Access Review
3218	1	a	 Early Access Review
1423	1	a	 Early Access Review
516	1	a	 Early Access Review
3704	1	a	 Early Access Review
1750	1	a	 Early Access Review
3188	1	a	 Early Access Review
4132	1	a	 Early Access Review
4207	1	a	 Early Access Review
599	1	a	 Early Access Review
2981	1	a	 Early Access Review
818	1	a	 Early Access Review
5491	1	a	 Early Access Review
4246	0	a	 Early Access Review
3730	1	a	 Early Access Review
5287	1	a	 Early Access Review
4105	1	a	 Early Access Review
3894	1	a	 Early Access Review
4307	1	a	 Early Access Review
360	1	a	 Early Access Review
3221	1	a	 Early Access Review
1653	0	a	 Early Access Review
5300	1	a	 Early Access Review
4924	1	a	 Early Access Review
2388	0	a	 Early Access Review
207	0	a	 Early Access Review
3951	1	a	 Early Access Review
4641	1	a	 Early Access Review
4969	0	a	 Early Access Review
3864	1	a	 Early Access Review
2246	0	a	 Early Access Review
3161	1	a	 Early Access Review
536	1	a	 Early Access Review
4689	1	a	 Early Access Review
5093	1	a	 Early Access Review
5482	1	a	 Early Access Review
493	1	a	 Early Access Review
3140	1	a	 Early Access Review
1727	1	a	 Early Access Review
615	1	a	 Early Access Review
3661	1	a	 Early Access Review
2671	1	a	 Early Access Review
5461	1	a	 Early Access Review
1536	1	a	 Early Access Review
5403	1	a	 Early Access Review
1828	1	a	 Early Access Review
4841	1	a	 Early Access Review
2604	1	a	 Early Access Review
4767	1	a	 Early Access Review
533	1	a	 Early Access Review
1686	1	a	 Early Access Review
3937	1	a	 Early Access Review
2321	1	a	 Early Access Review
676	1	a	 Early Access Review
802	1	a	 Early Access Review
2342	0	a	 Early Access Review
1683	1	a	 Early Access Review
5214	1	a	 Early Access Review
1616	1	a	 Early Access Review
3800	1	a	 Early Access Review
4034	0	a	 Early Access Review
2583	1	a	 Early Access Review
2275	0	a	 Early Access Review
1121	1	a	 Early Access Review
2094	0	a	 Early Access Review
3999	0	a	 Early Access Review
3014	1	a	 Early Access Review
346	1	a	 Early Access Review
4962	0	a	 Early Access Review
4502	1	a	 Early Access Review
6	1	a	 Early Access Review
1310	1	a	 Early Access Review
3073	1	a	 Early Access Review
1535	1	a	 Early Access Review
5114	1	a	 Early Access Review
2606	1	a	 Early Access Review
4444	1	a	 Early Access Review
1641	1	a	 Early Access Review
4364	1	a	 Early Access Review
812	1	a	 Early Access Review
1406	1	a	 Early Access Review
4518	1	a	 Early Access Review
3889	1	a	 Early Access Review
3475	1	a	 Early Access Review
3199	1	a	 Early Access Review
5218	1	a	 Early Access Review
3844	1	a	 Early Access Review
5135	1	a	 Early Access Review
1047	1	a	 Early Access Review
4938	1	a	 Early Access Review
5489	1	a	 Early Access Review
3287	1	a	 Early Access Review
4872	1	a	 Early Access Review
630	1	a	 Early Access Review
1369	1	a	 Early Access Review
4541	1	a	 Early Access Review
3385	1	a	 Early Access Review
2102	0	a	 Early Access Review
5511	1	a	 Early Access Review
1986	1	a	 Early Access Review
5164	1	a	 Early Access Review
2322	1	a	 Early Access Review
2853	1	a	 Early Access Review
1716	1	a	 Early Access Review
2695	1	a	 Early Access Review
4786	1	a	 Early Access Review
271	1	a	 Early Access Review
1272	1	a	 Early Access Review
825	1	a	 Early Access Review
5105	1	a	 Early Access Review
3104	1	a	 Early Access Review
5137	1	a	 Early Access Review
1150	1	a	 Early Access Review
3744	1	a	 Early Access Review
3170	1	a	 Early Access Review
4782	1	a	 Early Access Review
483	1	a	 Early Access Review
1604	1	a	 Early Access Review
3200	1	a	 Early Access Review
2983	1	a	 Early Access Review
4757	1	a	 Early Access Review
4432	1	a	 Early Access Review
835	1	a	 Early Access Review
1601	1	a	 Early Access Review
3160	1	a	 Early Access Review
3111	1	a	 Early Access Review
81	1	a	 Early Access Review
4228	0	a	 Early Access Review
646	1	a	 Early Access Review
4645	1	a	 Early Access Review
3620	1	a	 Early Access Review
1954	1	a	 Early Access Review
994	1	a	 Early Access Review
4067	0	a	 Early Access Review
34	1	a	 Early Access Review
1611	1	a	 Early Access Review
4351	1	a	 Early Access Review
2734	1	a	 Early Access Review
908	1	a	 Early Access Review
394	1	a	 Early Access Review
3251	1	a	 Early Access Review
3172	1	a	 Early Access Review
4627	1	a	 Early Access Review
3625	1	a	 Early Access Review
2228	0	a	 Early Access Review
3539	1	a	 Early Access Review
3323	1	a	 Early Access Review
4200	1	a	 Early Access Review
793	1	a	 Early Access Review
2018	1	a	 Early Access Review
5425	1	a	 Early Access Review
1366	1	a	 Early Access Review
2236	0	a	 Early Access Review
357	1	a	 Early Access Review
1373	0	a	 Early Access Review
2199	1	a	 Early Access Review
2091	0	a	 Early Access Review
2083	0	a	 Early Access Review
1129	1	a	 Early Access Review
1807	1	a	 Early Access Review
2184	1	a	 Early Access Review
1072	1	a	 Early Access Review
4591	1	a	 Early Access Review
4681	1	a	 Early Access Review
3619	1	a	 Early Access Review
4414	1	a	 Early Access Review
4775	1	a	 Early Access Review
1747	1	a	 Early Access Review
1458	1	a	 Early Access Review
1675	1	a	 Early Access Review
5125	1	a	 Early Access Review
3442	1	a	 Early Access Review
5008	1	a	 Early Access Review
2911	1	a	 Early Access Review
5004	1	a	 Early Access Review
3696	1	a	 Early Access Review
5017	1	a	 Early Access Review
4819	1	a	 Early Access Review
4766	1	a	 Early Access Review
1707	1	a	 Early Access Review
4599	1	a	 Early Access Review
2532	1	a	 Early Access Review
1024	1	a	 Early Access Review
2596	1	a	 Early Access Review
431	1	a	 Early Access Review
3337	1	a	 Early Access Review
1182	1	a	 Early Access Review
1541	1	a	 Early Access Review
4204	1	a	 Early Access Review
348	1	a	 Early Access Review
664	1	a	 Early Access Review
5234	1	a	 Early Access Review
2134	1	a	 Early Access Review
2860	1	a	 Early Access Review
3053	1	a	 Early Access Review
2640	1	a	 Early Access Review
595	1	a	 Early Access Review
3271	1	a	 Early Access Review
2812	1	a	 Early Access Review
3778	1	a	 Early Access Review
4060	0	a	 Early Access Review
786	1	a	 Early Access Review
3292	1	a	 Early Access Review
4143	0	a	 Early Access Review
2934	1	a	 Early Access Review
5184	1	a	 Early Access Review
2561	1	a	 Early Access Review
783	1	a	 Early Access Review
2935	1	a	 Early Access Review
785	1	a	 Early Access Review
5107	1	a	 Early Access Review
2537	1	a	 Early Access Review
1559	1	a	 Early Access Review
1563	1	a	 Early Access Review
276	1	a	 Early Access Review
3564	1	a	 Early Access Review
2310	1	a	 Early Access Review
875	1	a	 Early Access Review
5199	1	a	 Early Access Review
2558	1	a	 Early Access Review
4832	1	a	 Early Access Review
2450	0	a	 Early Access Review
864	1	a	 Early Access Review
236	1	a	 Early Access Review
4191	1	a	 Early Access Review
425	1	a	 Early Access Review
4045	0	a	 Early Access Review
4330	1	a	 Early Access Review
3503	1	a	 Early Access Review
4137	0	a	 Early Access Review
2844	1	a	 Early Access Review
5018	1	a	 Early Access Review
380	1	a	 Early Access Review
4199	1	a	 Early Access Review
2405	0	a	 Early Access Review
3621	1	a	 Early Access Review
3863	1	a	 Early Access Review
913	1	a	 Early Access Review
3912	1	a	 Early Access Review
5352	1	a	 Early Access Review
4746	1	a	 Early Access Review
5432	1	a	 Early Access Review
914	1	a	 Early Access Review
5046	1	a	 Early Access Review
947	1	a	 Early Access Review
3162	1	a	 Early Access Review
2809	1	a	 Early Access Review
5170	1	a	 Early Access Review
731	1	a	 Early Access Review
4275	1	a	 Early Access Review
1729	1	a	 Early Access Review
3961	1	a	 Early Access Review
2200	0	a	 Early Access Review
187	1	a	 Early Access Review
1708	1	a	 Early Access Review
5259	1	a	 Early Access Review
5494	1	a	 Early Access Review
58	1	a	 Early Access Review
2166	0	a	 Early Access Review
4057	0	a	 Early Access Review
175	1	a	 Early Access Review
4588	1	a	 Early Access Review
747	1	a	 Early Access Review
3600	1	a	 Early Access Review
508	0	a	 Early Access Review
129	0	a	 Early Access Review
5354	1	a	 Early Access Review
723	1	a	 Early Access Review
4145	0	a	 Early Access Review
108	1	a	 Early Access Review
3078	1	a	 Early Access Review
2110	1	a	   Early Access Review
4193	1	a	 Early Access Review
5296	1	a	 Early Access Review
637	1	a	 Early Access Review
2589	1	a	 Early Access Review
2077	1	a	 Early Access Review
5197	1	a	 Early Access Review
5113	1	a	 Early Access Review
4583	1	a	 Early Access Review
4635	1	a	 Early Access Review
333	1	a	 Early Access Review
268	1	a	 Early Access Review
5469	1	a	 Early Access Review
1946	1	a	 Early Access Review
700	1	a	 Early Access Review
1418	1	a	 Early Access Review
1390	1	a	 Early Access Review
5028	1	a	 Early Access Review
4647	1	a	 Early Access Review
3678	1	a	 Early Access Review
2928	1	a	 Early Access Review
2620	1	a	 Early Access Review
4995	1	a	 Early Access Review
3710	1	a	 Early Access Review
2116	1	a	 Early Access Review
2358	0	a	 Early Access Review
3847	1	a	 Early Access Review
3080	1	a	 Early Access Review
930	1	a	 Early Access Review
3363	1	a	 Early Access Review
4310	1	a	 Early Access Review
4513	1	a	 Early Access Review
3293	1	a	 Early Access Review
4902	1	a	 Early Access Review
856	1	a	 Early Access Review
933	1	a	 Early Access Review
3531	1	a	 Early Access Review
3226	1	a	 Early Access Review
3046	1	a	 Early Access Review
312	1	a	 Early Access Review
4251	0	a	 Early Access Review
3521	1	a	 Early Access Review
1345	1	a	 Early Access Review
522	1	a	 Early Access Review
5422	1	a	 Early Access Review
5179	1	a	 Early Access Review
4810	1	a	 Early Access Review
1464	1	a	 Early Access Review
2333	0	a	 Early Access Review
3220	1	a	 Early Access Review
4369	1	a	 Early Access Review
139	1	a	 Early Access Review
3593	1	a	 Early Access Review
5343	1	a	 Early Access Review
5029	1	a	 Early Access Review
2034	1	a	 Early Access Review
2431	0	a	 Early Access Review
3063	1	a	 Early Access Review
691	1	a	 Early Access Review
3310	1	a	 Early Access Review
4496	1	a	 Early Access Review
2896	1	a	 Early Access Review
4867	1	a	 Early Access Review
1796	1	a	 Early Access Review
2647	1	a	 Early Access Review
3848	1	a	 Early Access Review
168	1	a	 Early Access Review
5260	1	a	 Early Access Review
2988	1	a	 Early Access Review
794	1	a	 Early Access Review
5486	1	a	 Early Access Review
277	1	a	 Early Access Review
546	1	a	 Early Access Review
42	0	a	 Early Access Review
2345	0	a	 Early Access Review
317	1	a	 Early Access Review
5223	1	a	 Early Access Review
284	1	a	 Early Access Review
4287	1	a	 Early Access Review
5185	1	a	 Early Access Review
1971	1	a	 Early Access Review
5336	1	a	 Early Access Review
4134	1	a	 Early Access Review
3518	1	a	 Early Access Review
4860	1	a	 Early Access Review
2919	1	a	 Early Access Review
2711	1	a	 Early Access Review
3125	1	a	 Early Access Review
5163	1	a	 Early Access Review
3821	1	a	 Early Access Review
5487	1	a	 Early Access Review
2522	1	a	 Early Access Review
4662	1	a	 Early Access Review
1223	1	a	 Early Access Review
1135	1	a	 Early Access Review
3116	1	a	 Early Access Review
1465	1	a	 Early Access Review
3380	1	a	 Early Access Review
5370	1	a	 Early Access Review
4516	1	a	 Early Access Review
1911	0	a	 Early Access Review
3922	1	a	 Early Access Review
3632	1	a	 Early Access Review
4710	1	a	 Early Access Review
4376	0	a	 Early Access Review
1677	1	a	 Early Access Review
1652	1	a	 Early Access Review
4071	1	a	 Early Access Review
2109	1	a	 Early Access Review
2028	1	a	 Early Access Review
1966	1	a	 Early Access Review
2975	1	a	 Early Access Review
4356	1	a	 Early Access Review
3382	1	a	 Early Access Review
3904	1	a	 Early Access Review
2780	1	a	 Early Access Review
5088	1	a	 Early Access Review
369	1	a	 Early Access Review
4886	1	a	 Early Access Review
1714	1	a	 Early Access Review
5032	1	a	 Early Access Review
1613	1	a	 Early Access Review
1610	1	a	 Early Access Review
4639	1	a	 Early Access Review
2965	1	a	 Early Access Review
328	0	a	 Early Access Review
1571	1	a	 Early Access Review
364	1	a	 Early Access Review
3039	1	a	 Early Access Review
1682	1	a	 Early Access Review
2368	0	a	 Early Access Review
4232	0	a	 Early Access Review
5168	1	a	 Early Access Review
2038	1	a	 Early Access Review
335	1	a	   Early Access Review
1891	1	a	 Early Access Review
474	1	a	 Early Access Review
3013	1	a	 Early Access Review
737	1	a	 Early Access Review
4933	1	a	 Early Access Review
4774	1	a	 Early Access Review
1875	1	a	 Early Access Review
915	1	a	 Early Access Review
197	1	a	 Early Access Review
4350	1	a	 Early Access Review
4185	1	a	 Early Access Review
2055	1	a	 Early Access Review
298	1	a	 Early Access Review
160	1	a	 Early Access Review
1103	1	a	 Early Access Review
621	1	a	 Early Access Review
4410	1	a	 Early Access Review
4399	1	a	 Early Access Review
5136	1	a	 Early Access Review
3171	1	a	 Early Access Review
5256	1	a	 Early Access Review
3316	1	a	 Early Access Review
3488	1	a	 Early Access Review
5445	1	a	 Early Access Review
4602	1	a	 Early Access Review
2456	0	a	 Early Access Review
4163	0	a	 Early Access Review
2523	1	a	 Early Access Review
4272	1	a	 Early Access Review
817	1	a	 Early Access Review
194	1	a	 Early Access Review
4387	1	a	 Early Access Review
444	1	a	 Early Access Review
3596	1	a	 Early Access Review
4169	0	a	 Early Access Review
670	1	a	 Early Access Review
5450	1	a	 Early Access Review
2417	0	a	 Early Access Review
2540	1	a	 Early Access Review
4402	1	a	 Early Access Review
5546	1	a	 Early Access Review
3370	1	a	 Early Access Review
4595	1	a	 Early Access Review
46	1	a	 Early Access Review
4561	1	a	 Early Access Review
5271	1	a	 Early Access Review
2475	1	a	 Early Access Review
2181	1	a	 Early Access Review
1958	1	a	 Early Access Review
2427	1	a	 Early Access Review
2743	1	a	 Early Access Review
1096	1	a	 Early Access Review
3458	1	a	 Early Access Review
1498	1	a	 Early Access Review
3453	1	a	 Early Access Review
5407	1	a	 Early Access Review
19	1	a	 Early Access Review
2638	1	a	 Early Access Review
999	1	a	 Early Access Review
4497	1	a	 Early Access Review
3406	1	a	 Early Access Review
2074	1	a	 Early Access Review
3353	1	a	 Early Access Review
1847	1	a	 Early Access Review
4930	1	a	 Early Access Review
126	0	a	 Early Access Review
407	1	a	 Early Access Review
2482	1	a	 Early Access Review
2784	1	a	 Early Access Review
1398	1	a	 Early Access Review
155	1	a	 Early Access Review
1951	1	a	 Early Access Review
2224	0	a	 Early Access Review
667	1	a	 Early Access Review
609	1	a	 Early Access Review
103	0	a	 Early Access Review
3955	1	a	 Early Access Review
4102	1	a	 Early Access Review
1341	1	a	 Early Access Review
4555	1	a	 Early Access Review
4793	1	a	   Early Access Review
2992	1	a	 Early Access Review
1538	1	a	 Early Access Review
748	1	a	 Early Access Review
2625	1	a	 Early Access Review
1654	0	a	 Early Access Review
327	1	a	 Early Access Review
574	1	a	 Early Access Review
396	1	a	 Early Access Review
2160	1	a	 Early Access Review
3147	1	a	 Early Access Review
4111	1	a	 Early Access Review
4225	1	a	 Early Access Review
1978	1	a	 Early Access Review
979	1	a	 Early Access Review
2252	1	a	 Early Access Review
2285	0	a	 Early Access Review
2817	1	a	 Early Access Review
3396	1	a	 Early Access Review
1208	1	a	 Early Access Review
1209	1	a	 Early Access Review
4600	1	a	   Early Access Review
3612	1	a	 Early Access Review
558	1	a	 Early Access Review
789	1	a	 Early Access Review
2979	1	a	 Early Access Review
2642	1	a	 Early Access Review
1196	1	a	 Early Access Review
141	0	a	 Early Access Review
3816	1	a	 Early Access Review
3797	1	a	 Early Access Review
2108	0	a	 Early Access Review
4935	1	a	 Early Access Review
4155	0	a	 Early Access Review
917	1	a	 Early Access Review
4316	1	a	 Early Access Review
4048	1	a	 Early Access Review
3733	1	a	 Early Access Review
1895	1	a	 Early Access Review
1313	1	a	 Early Access Review
2710	1	a	 Early Access Review
10	1	a	 Early Access Review
1437	1	a	 Early Access Review
3032	1	a	 Early Access Review
1411	1	a	 Early Access Review
238	1	a	 Early Access Review
2051	0	a	 Early Access Review
2694	1	a	 Early Access Review
384	1	a	 Early Access Review
3758	1	a	 Early Access Review
2645	1	a	 Early Access Review
4729	1	a	 Early Access Review
13	0	a	 Early Access Review
3275	1	a	 Early Access Review
2182	1	a	 Early Access Review
4912	1	a	 Early Access Review
2088	0	a	 Early Access Review
5404	1	a	 Early Access Review
1459	1	a	 Early Access Review
1700	1	a	 Early Access Review
1530	1	a	 Early Access Review
3000	1	a	 Early Access Review
4395	1	a	 Early Access Review
5019	1	a	 Early Access Review
4780	1	a	   Early Access Review
909	1	a	 Early Access Review
1497	1	a	 Early Access Review
5446	1	a	 Early Access Review
2053	1	a	 Early Access Review
1638	1	a	 Early Access Review
4557	1	a	 Early Access Review
3255	1	a	 Early Access Review
2117	1	a	 Early Access Review
5086	1	a	 Early Access Review
1859	1	a	 Early Access Review
5073	1	a	 Early Access Review
330	1	a	 Early Access Review
4990	1	a	 Early Access Review
1004	1	a	 Early Access Review
1724	1	a	 Early Access Review
2308	0	a	 Early Access Review
4802	1	a	 Early Access Review
2701	1	a	 Early Access Review
4644	1	a	 Early Access Review
1416	1	a	 Early Access Review
3666	1	a	 Early Access Review
246	1	a	 Early Access Review
3771	1	a	 Early Access Review
3495	1	a	 Early Access Review
98	1	a	 Early Access Review
4564	1	a	 Early Access Review
485	0	a	 Early Access Review
1292	1	a	 Early Access Review
1579	1	a	 Early Access Review
3501	1	a	 Early Access Review
3333	1	a	 Early Access Review
781	1	a	 Early Access Review
2012	1	a	 Early Access Review
1035	1	a	 Early Access Review
4070	0	a	 Early Access Review
2958	1	a	 Early Access Review
4117	0	a	 Early Access Review
4834	1	a	 Early Access Review
489	1	a	 Early Access Review
932	1	a	 Early Access Review
4493	1	a	 Early Access Review
5555	1	a	 Early Access Review
2588	1	a	 Early Access Review
949	1	a	 Early Access Review
1583	1	a	 Early Access Review
4265	1	a	 Early Access Review
4893	1	a	 Early Access Review
90	1	a	 Early Access Review
4205	0	a	 Early Access Review
3830	1	a	 Early Access Review
4816	1	a	 Early Access Review
654	1	a	 Early Access Review
33	0	a	 Early Access Review
4247	0	a	 Early Access Review
1642	1	a	 Early Access Review
4354	1	a	 Early Access Review
4669	1	a	 Early Access Review
764	1	a	 Early Access Review
1919	1	a	 Early Access Review
2870	1	a	 Early Access Review
3857	1	a	 Early Access Review
1615	1	a	 Early Access Review
1402	1	a	 Early Access Review
4981	1	a	 Early Access Review
3212	1	a	 Early Access Review
5160	1	a	 Early Access Review
1850	1	a	 Early Access Review
2599	1	a	 Early Access Review
5074	1	a	 Early Access Review
142	1	a	 Early Access Review
1921	1	a	 Early Access Review
4907	1	a	 Early Access Review
4659	1	a	 Early Access Review
3486	1	a	 Early Access Review
1371	1	a	 Early Access Review
4587	1	a	 Early Access Review
2029	1	a	 Early Access Review
4826	1	a	 Early Access Review
2929	1	a	 Early Access Review
4915	1	a	 Early Access Review
3289	1	a	 Early Access Review
4236	0	a	 Early Access Review
3	1	a	 Early Access Review
4807	1	a	 Early Access Review
1138	1	a	 Early Access Review
3232	1	a	 Early Access Review
4299	0	a	 Early Access Review
1923	1	a	 Early Access Review
4979	1	a	 Early Access Review
4991	1	a	 Early Access Review
3027	1	a	 Early Access Review
1770	1	a	 Early Access Review
5531	1	a	 Early Access Review
4392	0	a	 Early Access Review
1725	1	a	 Early Access Review
4859	1	a	 Early Access Review
3379	1	a	 Early Access Review
4598	1	a	 Early Access Review
859	1	a	 Early Access Review
753	1	a	 Early Access Review
442	1	a	 Early Access Review
4716	1	a	 Early Access Review
3088	1	a	 Early Access Review
1745	1	a	 Early Access Review
1219	1	a	 Early Access Review
4849	1	a	 Early Access Review
1276	1	a	 Early Access Review
2124	1	a	 Early Access Review
1547	1	a	 Early Access Review
4046	0	a	 Early Access Review
4964	0	a	 Early Access Review
5345	1	a	 Early Access Review
578	1	a	 Early Access Review
3831	1	a	 Early Access Review
2736	1	a	 Early Access Review
2503	1	a	 Early Access Review
4150	1	a	 Early Access Review
1846	1	a	 Early Access Review
3187	1	a	 Early Access Review
1262	1	a	 Early Access Review
3885	1	a	 Early Access Review
419	1	a	 Early Access Review
12	1	a	 Early Access Review
3421	1	a	 Early Access Review
5434	1	a	 Early Access Review
5071	1	a	 Early Access Review
4510	1	a	 Early Access Review
1329	1	a	 Early Access Review
1468	1	a	 Early Access Review
4231	0	a	 Early Access Review
3441	1	a	 Early Access Review
4103	1	a	 Early Access Review
2635	1	a	 Early Access Review
397	1	a	 Early Access Review
3790	1	a	 Early Access Review
4187	1	a	 Early Access Review
3613	1	a	 Early Access Review
5384	1	a	 Early Access Review
5208	1	a	 Early Access Review
3941	1	a	 Early Access Review
669	1	a	 Early Access Review
1894	1	a	 Early Access Review
5408	1	a	 Early Access Review
5314	1	a	 Early Access Review
5520	1	a	 Early Access Review
185	1	a	 Early Access Review
993	1	a	 Early Access Review
4908	1	a	 Early Access Review
1364	1	a	 Early Access Review
2036	1	a	 Early Access Review
1082	1	a	 Early Access Review
3712	1	a	 Early Access Review
2438	0	a	 Early Access Review
4655	1	a	 Early Access Review
5025	1	a	 Early Access Review
253	1	a	 Early Access Review
4007	1	a	 Early Access Review
3640	1	a	 Early Access Review
4563	1	a	 Early Access Review
1057	1	a	 Early Access Review
4911	1	a	 Early Access Review
4183	1	a	 Early Access Review
1829	1	a	 Early Access Review
4719	1	a	 Early Access Review
5091	1	a	 Early Access Review
3454	1	a	 Early Access Review
2223	0	a	 Early Access Review
2163	0	a	 Early Access Review
4477	1	a	 Early Access Review
3947	1	a	 Early Access Review
3095	1	a	 Early Access Review
4255	1	a	 Early Access Review
3245	1	a	 Early Access Review
4473	1	a	 Early Access Review
2041	1	a	 Early Access Review
3839	1	a	 Early Access Review
3208	1	a	 Early Access Review
5096	1	a	 Early Access Review
2946	1	a	 Early Access Review
3836	1	a	 Early Access Review
4086	0	a	 Early Access Review
2874	1	a	 Early Access Review
2793	1	a	 Early Access Review
5058	1	a	 Early Access Review
5261	1	a	 Early Access Review
3578	1	a	 Early Access Review
3106	1	a	 Early Access Review
4019	1	a	 Early Access Review
5110	1	a	 Early Access Review
1580	1	a	 Early Access Review
1811	1	a	 Early Access Review
3297	1	a	 Early Access Review
3801	1	a	 Early Access Review
2656	1	a	 Early Access Review
1378	1	a	 Early Access Review
147	1	a	 Early Access Review
149	1	a	 Early Access Review
890	1	a	 Early Access Review
2765	1	a	 Early Access Review
5279	1	a	 Early Access Review
3318	1	a	 Early Access Review
4000	1	a	 Early Access Review
3694	1	a	 Early Access Review
4948	1	a	 Early Access Review
3277	1	a	 Early Access Review
900	1	a	 Early Access Review
2660	1	a	 Early Access Review
1349	1	a	 Early Access Review
1424	1	a	 Early Access Review
2065	1	a	 Early Access Review
4761	1	a	 Early Access Review
3571	1	a	 Early Access Review
2455	0	a	 Early Access Review
4229	0	a	 Early Access Review
3052	1	a	 Early Access Review
709	1	a	 Early Access Review
4025	1	a	 Early Access Review
1782	1	a	 Early Access Review
1825	1	a	 Early Access Review
5335	1	a	 Early Access Review
4899	1	a	 Early Access Review
3011	0	a	 Early Access Review
1145	1	a	 Early Access Review
1776	1	a	 Early Access Review
3223	1	a	 Early Access Review
4657	1	a	 Early Access Review
5307	1	a	 Early Access Review
4977	1	a	 Early Access Review
2676	1	a	 Early Access Review
1871	1	a	 Early Access Review
350	1	a	 Early Access Review
1302	1	a	 Early Access Review
3233	1	a	 Early Access Review
728	1	a	 Early Access Review
311	1	a	 Early Access Review
2956	1	a	 Early Access Review
3990	1	a	 Early Access Review
4809	1	a	 Early Access Review
2610	1	a	 Early Access Review
1422	1	a	 Early Access Review
4295	1	a	 Early Access Review
884	1	a	 Early Access Review
4220	0	a	 Early Access Review
1324	0	a	 Early Access Review
628	1	a	 Early Access Review
1558	1	a	 Early Access Review
1834	1	a	 Early Access Review
2131	0	a	 Early Access Review
5317	1	a	 Early Access Review
475	1	a	 Early Access Review
4119	0	a	 Early Access Review
5253	1	a	 Early Access Review
4744	1	a	 Early Access Review
4658	1	a	 Early Access Review
2969	1	a	 Early Access Review
3581	1	a	 Early Access Review
469	1	a	 Early Access Review
4790	1	a	 Early Access Review
4573	1	a	 Early Access Review
1740	1	a	 Early Access Review
5361	1	a	 Early Access Review
3626	1	a	 Early Access Review
3387	1	a	 Early Access Review
4020	1	a	 Early Access Review
4303	1	a	 Early Access Review
5021	1	a	 Early Access Review
2221	0	a	 Early Access Review
1722	1	a	 Early Access Review
2000	1	a	 Early Access Review
4784	1	a	 Early Access Review
1934	1	a	 Early Access Review
1267	1	a	 Early Access Review
2216	1	a	 Early Access Review
4801	1	a	 Early Access Review
1866	1	a	 Early Access Review
5402	1	a	 Early Access Review
4391	0	a	 Early Access Review
1734	1	a	 Early Access Review
3767	1	a	 Early Access Review
2945	1	a	 Early Access Review
339	0	a	 Early Access Review
2112	0	a	 Early Access Review
3204	1	a	 Early Access Review
1501	1	a	 Early Access Review
4550	1	a	 Early Access Review
3869	1	a	 Early Access Review
4035	0	a	 Early Access Review
4796	1	a	 Early Access Review
2312	1	a	 Early Access Review
2777	1	a	 Early Access Review
4922	1	a	 Early Access Review
4352	0	a	 Early Access Review
4637	1	a	 Early Access Review
4368	1	a	 Early Access Review
3815	1	a	 Early Access Review
1484	1	a	 Early Access Review
5250	1	a	 Early Access Review
4887	1	a	 Early Access Review
970	1	a	 Early Access Review
1920	0	a	 Early Access Review
3624	1	a	 Early Access Review
2923	1	a	 Early Access Review
4693	1	a	 Early Access Review
247	1	a	 Early Access Review
4010	1	a	 Early Access Review
3038	1	a	 Early Access Review
537	1	a	 Early Access Review
1779	1	a	 Early Access Review
3183	1	a	 Early Access Review
4668	1	a	 Early Access Review
1549	1	a	 Early Access Review
992	1	a	 Early Access Review
625	1	a	 Early Access Review
4026	0	a	 Early Access Review
5443	1	a	 Early Access Review
1656	1	a	 Early Access Review
660	1	a	 Early Access Review
5119	1	a	 Early Access Review
1742	1	a	 Early Access Review
1462	1	a	 Early Access Review
3860	1	a	 Early Access Review
229	1	a	 Early Access Review
3041	1	a	 Early Access Review
4158	0	a	 Early Access Review
4751	1	a	 Early Access Review
486	0	a	 Early Access Review
2128	0	a	 Early Access Review
1467	1	a	 Early Access Review
5493	1	a	 Early Access Review
3856	1	a	 Early Access Review
4638	1	a	 Early Access Review
1720	1	a	 Early Access Review
3739	1	a	 Early Access Review
988	1	a	 Early Access Review
5061	1	a	 Early Access Review
2316	1	a	 Early Access Review
5502	1	a	 Early Access Review
1562	1	a	 Early Access Review
2728	1	a	 Early Access Review
1913	1	a	 Early Access Review
4553	1	a	 Early Access Review
344	1	a	 Early Access Review
4792	1	a	 Early Access Review
83	1	a	 Early Access Review
872	1	a	 Early Access Review
4063	1	a	 Early Access Review
1026	0	a	 Early Access Review
1317	0	a	 Early Access Review
865	1	a	 Early Access Review
144	1	a	 Early Access Review
178	1	a	 Early Access Review
1352	1	a	 Early Access Review
1476	1	a	 Early Access Review
3393	1	a	 Early Access Review
3808	1	a	 Early Access Review
2225	0	a	 Early Access Review
2403	0	a	 Early Access Review
632	1	a	 Early Access Review
3994	1	a	 Early Access Review
1526	1	a	 Early Access Review
467	1	a	 Early Access Review
2100	0	a	 Early Access Review
1436	1	a	 Early Access Review
3119	1	a	 Early Access Review
3590	1	a	 Early Access Review
2913	1	a	 Early Access Review
4472	1	a	 Early Access Review
1990	1	a	 Early Access Review
2881	1	a	 Early Access Review
1183	1	a	 Early Access Review
868	1	a	 Early Access Review
2805	1	a	 Early Access Review
1443	1	a	 Early Access Review
2990	1	a	 Early Access Review
5508	1	a	 Early Access Review
4170	0	a	 Early Access Review
1625	1	a	 Early Access Review
5224	1	a	 Early Access Review
1617	1	a	 Early Access Review
4549	1	a	 Early Access Review
2816	1	a	 Early Access Review
4772	1	a	 Early Access Review
5395	1	a	 Early Access Review
3855	1	a	 Early Access Review
3812	1	a	 Early Access Review
3456	1	a	 Early Access Review
1050	1	a	 Early Access Review
1997	1	a	 Early Access Review
1021	0	a	 Early Access Review
3445	1	a	 Early Access Review
5012	1	a	 Early Access Review
3933	1	a	 Early Access Review
1014	1	a	 Early Access Review
5474	1	a	 Early Access Review
2281	0	a	 Early Access Review
1252	1	a	 Early Access Review
1257	1	a	 Early Access Review
3911	1	a	 Early Access Review
1661	1	a	 Early Access Review
3568	1	a	 Early Access Review
1663	1	a	 Early Access Review
4468	1	a	 Early Access Review
627	1	a	 Early Access Review
644	1	a	 Early Access Review
3717	1	a	 Early Access Review
3673	1	a	 Early Access Review
3879	1	a	 Early Access Review
1394	1	a	 Early Access Review
3563	1	a	 Early Access Review
5215	1	a	 Early Access Review
4731	1	a	 Early Access Review
5424	1	a	 Early Access Review
5371	1	a	 Early Access Review
5219	1	a	 Early Access Review
3569	1	a	 Early Access Review
445	1	a	 Early Access Review
2818	1	a	 Early Access Review
1914	1	a	 Early Access Review
47	1	a	 Early Access Review
510	1	a	 Early Access Review
852	1	a	 Early Access Review
4534	1	a	 Early Access Review
5175	1	a	 Early Access Review
672	1	a	 Early Access Review
4423	1	a	 Early Access Review
5536	1	a	 Early Access Review
3823	1	a	 Early Access Review
4213	0	a	 Early Access Review
3042	1	a	 Early Access Review
5159	1	a	 Early Access Review
439	1	a	 Early Access Review
2329	0	a	 Early Access Review
604	1	a	 Early Access Review
226	1	a	 Early Access Review
55	1	a	 Early Access Review
436	1	a	 Early Access Review
3737	1	a	 Early Access Review
4015	1	a	 Early Access Review
1271	1	a	 Early Access Review
283	1	a	 Early Access Review
4726	1	a	 Early Access Review
4956	0	a	 Early Access Review
2886	1	a	 Early Access Review
1137	1	a	 Early Access Review
72	0	a	 Early Access Review
2189	1	a	 Early Access Review
138	1	a	 Early Access Review
2819	1	a	 Early Access Review
2437	0	a	 Early Access Review
929	1	a	 Early Access Review
5501	1	a	 Early Access Review
3180	1	a	 Early Access Review
4266	1	a	 Early Access Review
2586	1	a	 Early Access Review
2243	1	a	 Early Access Review
